{"cameraMode":{"drawMode":0,"name":"Shaded","section":"Shading Mode"},"sceneLighting":true,"audioPlay":false,"sceneViewState":{"m_AlwaysRefresh":false,"showFog":true,"showSkybox":true,"showFlares":true,"showImageEffects":true,"showParticleSystems":true,"showVisualEffectGraphs":true,"m_FxEnabled":true},"in2DMode":false,"pivot":{"x":1.4044153690338135,"y":3.0022408962249758,"z":-60.1802978515625},"rotation":{"x":-0.029268188402056695,"y":-0.4768792986869812,"z":0.015889659523963929,"w":-0.8783374428749085},"size":3.0886950492858888,"orthographic":false}